block,txHash,volume,price
12057282,0x4f07fdf6c6cc5dd47cb57976b767c81107063ed9c148fce970c462d08d7d8d14,262057.681984,1.0226173426046443
12061094,0xdd91795d115b39d6e0b0dc3895e796dde73dce56f913bab68edd88e0222d912b,1126839.847579,1.0001940250318844
12063341,0x695c2c7e1d92677164ac26d55d64b5ffd3ffbfe0ebdc8ac286510ac052433e92,3000500.653151,1.0006289192195457
12075995,0x70c146dc0989200632888e37f61196398184de392567aef1b2713081f2955475,36477.594452,0.9993969608049245
12077710,0x8f566788e62a01211f82292525d3e1b5c05efaa2c18eea7db91f0c0da7e47dbb,80559.792786,0.9993976229337806
12086590,0xfa79a1730e2fdeb4e13a914dd3f4b723b1b3a650fd7a51a078f4cb93a7bfaa95,119957.015238,0.99964179365
12088143,0xe71da8d2b5447d095ff6a8cbfae6ee3975230a03fd459912b07bfce54bc8ecd4,500765.982599,0.9996211572460932
12107995,0xf38b1af2f0f22a39f14a7e4bd1fa41fa3beabb76ae73a4f77f01919f2c6456d0,733.564409,0.9991428404018607
12109124,0xd3e3d73c7a866ded6da455ac26efdc67ca6cec76056204d2b69fcd9c677f4da2,148734.57185,0.999110366473948
12112836,0x4bee417f6367d509dd087783da731e06188855c2646656b5251051875f9043ac,75061.391559,0.9991344006803144
12134376,0x542e132491dba5b1c5431d1a410c27994dbb743584992f30a1587c44d6293036,99921.161665,0.9990412538597769
12150172,0xd840b35c73814b6725de23fb77a1ff15ad103ad63da9be4c7ee9af2f78fab879,33207.313869,0.9996152864815702
12151980,0xf29eaefc61761fe5d7f5772d001fe2c905acfaa62d432d4177d128b9bd8ae7cb,397.43878,0.9995412588507269
12179619,0xd093b46cb7cafeaa340d381ee059644536fd42d0c313a492ce2d73f64cb6940d,622789.503684,0.998904227730677
12184604,0x6c6e75413fcee1192f68a4ff5b3b7eb10e80119e7052583d92b8c613aa0e119b,19980.21583,0.9990107915
12240340,0x8c0a236d70cba0572b36ace8c041de39448e3189871f9a5b78e126988426a7e3,83389.854183,0.9995808233790767
12261863,0xa030eaf3b3fc9fa7dae16a86211597355fa59998a025f8b7ad82e5f1bc99a52a,640975.421316,0.9997831007282919
12292773,0x1aa59eab5582722f1e5593875e553461f74ef70d612dc4a09d64f1830aa01483,702156.418438,0.9993499765526096
12302134,0x1a82a66671aff932bfafceefe00a7010bc58c3271d3ce58af0e290a0034ddbf4,126009.511856,0.9996214762107279
12307417,0xa2a87eea14e90ef08919854d17a34e5437d8b7407c0d1fa5b74cc666d6c3db28,60465.683679,0.9996526950898854
12307713,0xf86b9a21ac511db2f3d750efcfee663b0e1778b1a6be782105ab47624a9722cb,23992.44757,0.9996481354222556
12315400,0x2d176889f7b50b129f9007ca9eee6198a121142ec6b47a86b90becfb46d1da97,56828.076629,0.9995583717013221
12317144,0x1bbecba1f9c945623454873e40030da2320332d92834b42477b35647fdeb27e5,49981.931161,0.99963862322
12317234,0x228dffc83984bf0b470c970d5854103d03273b47b66037e3e289f642f18910bc,109612.267631,0.9996048643447859
12332649,0xd80640326b1f6a56987ed0eb1e363cd30786ac06aeb71ae95dc3949facaa9961,75209.080268,0.9996779030618421
12348866,0x09391b57554a39fdb28e06352282e3c8ee66b88b5b2f4e0d6d5e18317855e481,2274.721853,0.9995343431109341
12353780,0x53f5ae6ec7d63ef5e42216c388a3e47c8acbb45a66dd263df3c574fcf9403aa7,15344.172203,0.9996512538685596
12361573,0x56d2fab280b50bd8fdd4be8fb09436f9c48a9c33b7fa77629e33f786f762f9b4,363.486409,0.9996285709581478
12362199,0x704f68daac8469b9772e6a3903c1d2071ff8637409642ddb2a000845fc9aad53,24412.395019,0.9996463588742872
12370215,0xac1f822f8ec162eb7a2020401bd8a42e06e47dc8d0aa0afa7d78488edc1f8be0,15327.016767,0.9995865007985081
12425462,0x74bdce7f41840ab7813e57047d98ed89e385f233d2437825750cede585c281c0,560414.168615,0.9997308803087804
12450362,0xe9fd899fae8dc9a13676f11c0349005b9b8a0d2712f2d3f6350f50f5254d9a7d,34058.472455,1.0001991811566475
12462799,0xcfff358db3eb0aec92bd74b8d6911b205c8f8e4b5c3a3cac1781df34366f16de,659004.099259,0.9995597445887158
12474405,0xb6b87bb9269d0735b6c155199adde7ca714ef2271bd7a125b9598b028c52f279,21256.282691,0.9995646662200395
12490647,0xedab0ec7cde224771c95d0cddb310c4f45e3b7f7e8fb5cbee4dba5d702ca4a74,48.398738,0.9997653172172934
12491911,0x57fa93523f15a5d28b7e6164da85a477ad1afaf3e87e1dff654490b4ba9c7923,3806.934093,0.9997114528370867
12503092,0x146b9ee1e2fee0cd7e3934f274c4c9d3b1ee7d2764e3b424ce19514e9b14978d,999645.858601,0.9996458586010001
12517242,0x3ee55853e355cfe7f69e1b8a6be05e87a9dbfd12553cb0e0f8604bba90a0de03,981573.563676,0.9994150884622914
12518856,0x83ac450f881e659e237dbfe57f645f2d4f1c511f1b7c5f2c175b6f4718c0fd68,129914.290843,0.9993406987923077
12525572,0x0f17274338505183589c7f47f0ace69a25080ee46eb182502a71905676f77eff,241262.558976,0.9992685198685385
12528318,0xdd817cddc0b9716f14c20024905adb591e304bc4f213257a73dbf90e10e0eb6c,999.176902,0.9991769020000001
12528725,0x1f715910e5e1e6fe15a6ffb6b48fd3c93284986ea4df24065b63bacf732f5e27,99.917507,0.99917507
12531439,0x1bf2df0046627854fd5076f37f9782ee70e9a894bbd766395fc5736ab90f2337,99.906098,0.99906098
12541924,0x5569fa008131abf05264617878715a6786f24b656f46da0798468e7019169797,16488.326809,0.9992925338787878
12542064,0x102d6e1be7956e5555eccd9f80d357ee9f7185ee49f667a45c6c8f7e8d2c88a9,20985.08132,0.9992895866666667
12547959,0x247793f682633d7f132d0e8c13854b8c52597cb31a7334695a37916dd6636d1b,14991.369007,0.9994246004666666
12554346,0x3ef6055eb718888bed38f74da40d06c6ea4644719177bc25112e901b3956d89b,820365.577249,1.0004121506189734
12554378,0x02461311cadacdc0c35ef0703367627da6106bf7ff79002e533f1a8c6b7becb0,800247.984628,1.000309980785
12554409,0x4e42db73142b300f26fc5335a96c51ef8f7a62d1c4f876e1ae5ede1efe1a8e7f,820172.829514,1.0002107677
12557526,0x140b7b6e9e19e64787afc2adb623bffbf50bf5665479d9d3d0f23fbbc49d323a,11813.343127,1.0000943120612433
12558076,0xbd96ca4a9524da4f19c88e17c7ace0399c17f0ba33447ff36e636be5c9265db8,50254.980482,1.000092617421056
12562674,0x5eafeb1af2c1d12e26a7df7ff07f1e2e260fcbccf44518b9ed8939f99ca54120,5329.054404,0.9998858087000839
12570371,0x8ed507ac468f3576266825f1ae44270a8a747c8688b2be32ed6fbe6fdea65ff2,37974.900248,0.9995070640616828
12576787,0xee4b608bbeead3d5ec3b743b3776fd301d923de123b17d3583536ab38c103465,26175.502303,0.9998743628348612
12579338,0xfbaccc0dd2b7a9ae5a3722bcf0666de479e2f31c3cb41fc40a5d6fecf88651e4,26331.398618,0.9998216611953462
12582678,0xafe26c93317a3fa476f08898fa39ad1be379e40a40f8b0742f8eee70ea1d19f6,200225.190535,0.9997887181755284
12590165,0xb3a5e9ccc3cb4188f4da7cf87ccf8e62668bc7afbbd1cec4877657c3edbf7eaf,1691.638916,0.9996690818203889
12606659,0xf5484ca97daab2bcea56233beb04dd49bbd02bd1d797a31c49748d1f4124c92e,2379.27949,0.9994837821889604
12613674,0xe9a5b744a83af0a0916e7301792a36451fb034260f972260c95e94455119f179,91638.135162,0.999438978586029
12616956,0x7f28b5bb49e6f0021d3d3e3d73e72b45750deaf1388cad3a5c72f6ec7d81c52b,867.714874,0.9995173059914363
12619318,0x7fc26c52e2ed09ee940ddaf6a48ccfd1d7cc3e8ed6f7fe03ab05564630bef90b,14.992709,0.9995139333333333
12621487,0xe34dda88bcc1b3d55c198ed5563bfde4704f9c96ce197f64d1976669f9f1bafc,249322.277867,0.9994772213975371
12626903,0x8d71e7e05bcde85b12098f4f3e3b14a03b6e224ff8b75986db53adb818a8d16d,3225.913734,0.9992279046326765
12627751,0x77089b5ecb4f639803e9d1a24a9d4512acb71222bdcdc37d376474779411e4a3,31424.967984,0.9992148690344063
12627785,0xe8cd7d07d5da931273f539a42b46d8ccf7f8d4ee76218e85113df3bde403efea,45758.844284,0.9992080526725061
12628719,0x4c3c9efd06e766c6c6cf1467b00f3ff4156438352d55644ffb1a99ac39cc6f85,8926.972381,0.9991976615838914
12628863,0xe4ef0ba114e6d76dda691b7ba701cf75f250d1985ea69239e17f646e9c6b842e,3559.061707,0.9992003467240891
12630271,0xc885c0846baea48cf2ab87b6e01b869216b1783b24eb972c316df46a5bacd3dd,7763.69515,0.9991821352500948
12636909,0x7bcff748079af25932ac1471af0d8fc6ff45ad7e803cc358ec15a96c4de50b0e,28596.856899,0.9993636076445651
12642138,0x6712040c4c29fe1f78a946935b06e06abf896bd2f2b6a0ca51233d389a691b79,199875.519445,0.9993775972250001
12642193,0x1f7338083270a69c98a89f343df115de5bfe8b213831bf706b277b75f33dd444,69955.351508,0.9993621644000001
12642448,0x7be65d4fe2b656626420cff5c8da4ede2970e1d6b76f113b743b5b8c58d56368,100018.015105,0.9993520392259259
12650836,0x00ad6b2a63a0f7c9eb45de7e123004e68a505083b2e075a8f59ae02ef9b481e9,499.627187,0.999254374
12653211,0xf2e4408f0adbe5c02358f04321e3f71453b3fb70eb67108e77b3e709b4e51faa,512433.681764,0.9991904387906608
12653367,0x78ac5d759694030ac642a7dea04089a13fe9410fdd266529c052ccf990b28d02,57373.90656,0.999162719028848
12681519,0xf97653ef645d1878f7134ece136974795c84df089c94f6ae86e945cc71dece20,4.998324,0.9996648
12688818,0x71c411d58c5a0d18b618dd7f4bff3fe5dca66c620b9740a420a6494553ede27f,14994.473838,0.9996315892
12689107,0xed767018792694265209e3d02732693e9de164fcaaf7591ad0b9a6dadfde0b47,60003.375961,0.9996262913814518
12694649,0x195c1552f316f3404994c21510ec2af5322a4b373e089c57fc68bbf527b37ec4,9.996155,0.9996155
12705090,0xd5fef5f2d9df04ee2f03dba1fbd896266bb07701528ed393902314adf5058134,838625.958515,0.9995542294364352
12715613,0xbbe888228c2ccf7746aa42870a284e65565138aa929641811b627cdc5532ab03,11581.233912,0.9995030069312862
12738596,0x28d070d3a2a1c4b22ddcbc33c7d4f8462c37f4801189eb5519ca95fb1bb746b9,27988.723721,0.9995972757499999
12738705,0x6ec5f9d7366de1a00e01664ade49c89b321511393a08de12083a39109d377810,52969.149962,0.9995907874751556
12740190,0xd11f66af9011f31e6b46d7543c6333d573c4e23ac5c5b040ba9b7c73c986f872,50226.976704,0.9995827482019404
12741459,0xe0b411e5f7da6f2d1554938e01a0de435d21c2b2f7cdd0f33de1c875511de343,2001.337409,0.9995803835275536
12762476,0xcd1b516aebc52f5d144c677d6571bb071bda56591568ca1b4f5169572369a5ee,1674735.432153,0.999452151067354
12763006,0x951b3828501e30877fb06930082540b733b3eb0a910b61a5fc70ea66249435e2,2676.996398,0.9993205159907916
12772608,0x4cd762534932ba187f537613c762361d5f5cf2230beb526334b918c835d05508,20852.620051,0.999513796268163
12797435,0x54917fb64a6e3f0ed2b412b4a7eeab2d3ebcb82412d13b70cf881de781ff61d5,1695.265623,0.9995669946933963
12798300,0xb2e7b2a21263c9a6a28db1f1c6b135dc7fb9e973a2b51236db66f5a195d8662b,10005.096247,0.9995690439370853
12802925,0x91f094f9af902c958a26870ce297f38d619d9cc89ddfe1e72be3929e44b7ee32,25140.201788,0.9995736751272306
12807827,0xd28a7a55e3b64af2015a1721b4f7feb56dfedb4db492d9bdae0ced96810f2cac,2066.139316,0.9995014033678893
12914134,0x318a84acf19e8ae33fbbb44871ff21e4f0f86d63f1d6a1116f67a1793105a46f,171826.591206,0.9996067515011824
12924398,0xceddcab459c8792e396ec80d73e6acda2c91811327152698bde0c0494f552a98,112937.437621,0.9994463506283187
12938739,0x7b575e6e60ef13651cafa73e18f8bcc74fc371093428e3cbb92da409beb1cb4d,57568.874932,0.9997586617590363
12965608,0xeb34c7c68232ea9d3669c33695981e71187f51e5586f619dde7fe19da3677d4d,680451.72702,0.9994359400247929
13008099,0xba14659b9b2943bbde0dab31aa8da59ca16e2bea8dd0c9c6582a4b894d970e53,426918.750088,0.999809719175644
13011717,0x82de8fb1be350d86c24e152a3f918f85fc2dd6ebbe3055ffadd83d47e82e81bc,75510.114709,0.9997527907798897
13021433,0x101e3ceb55bf8f433cb10f7871e5736fe248f75314acf751b011dd00c8f7cf54,179482.386449,0.9997195336236259
13038473,0x42aa8eff1dba9faec7d6f6bc238486899d1447ded0643eecc7c996fd1315973f,503.835151,0.9997235217197671
13048935,0xf347980f2d68570033726843153d24de5c165afc9eaf83f3fc3b65ac48683237,999349.771921,1.0000329874150067
13049085,0x8395682e88bf6668e751f53858362d22101a385f3142ca7b4531e7b29f6c0826,9877.450323,0.9999402033057984
13051389,0x01b700e272807c5d600490cce4aaccb56e053f3f400a4720e402166e0a1e8dc2,166757.898232,1.0003814193119427
13051909,0x27eb9ec5e313fb727bbc805e39d9769bc9ac5fa3ebe62541dd7bd5bce3e17c7e,3701754.299644,1.0004741350389188
13065429,0xf992a96168b61c9cf0b63c7d8942edffb6954db0cade51b6e5d006acb731dc90,10689.031219,0.9999673181844952
13105160,0x85202baeae400beda78d34f8bc333c7b0362558f7c5255c774c58927c49eaad7,1043400.30384,0.9995132033390187
13105932,0x69a3c20ddd4c161e05f0d1da0ddba14635b06d660f944a9bf225eb0097d67f38,149910.481707,0.99940321138
13124482,0x4c79474b76945abe2ff04cf9fce14919a10e1c82d866271cbc5407f85a39c7ec,84368.295914,0.9993979264160892
13157821,0xab0bd6b7723015cb3b19ca02649dfc6090cd3f9952b9e8b576df16b80d562399,299881.754934,0.9997058203620363
13167662,0xf1db88f0c34caca1ed724eb24eb734dc7586b1feb2ca6d7c474c656016545f3b,39987.83754,0.9996959385
13168973,0x51f7134eeabe119ab6e701445a7ea58248ab87cfa0dac06a18bdac40e09abdaf,342509.299582,0.9995857991822856
13183286,0x61fb2fc1c30cc5a4f2452963fba7b340d386cb68d6df1a972f960324af71da6d,225107.747163,0.999468302773862
13193308,0x9a6282c17cbcd29f37bcb80192301d5296a1f5e870177969373ab4e1baa6ba8c,119912.044781,0.9994086227298867
13197319,0x9c0a54a8fdb2373abc52ba63f6e59281a2a7f2a17549f4e4185b15fe3a02f5ea,1199116.277867,0.9992635648891668
13204447,0x0f1e57d4c3a5df524cb9adb324941cc54fce6d21a5dfdd6c4f807e83acb7e482,800.028412,0.9989612037759351
13208839,0x67f8665c121fed646f8f03fc507317ce3cb1aab44d8d84256bab97dac2454afa,1197.527151,0.9990331831195924
13220423,0x53517b0654aa5ff807a53b4b57ba7ecd2c86f357f8f324a49dc3453a629bc468,69901.164981,0.9992174780653329
13246399,0x39fc58d16aace3d5ab0781b4182a211780b2e2c87d5425b2326c164c5e97d4e0,646329.918832,0.9992963949875152
13248348,0xa9d270a4fc2a9522dcd0adc5dd094fc422866cead481c420dc22db7eb6703b4d,32475.174291,0.9992361320307692
13265284,0xc2ac4a305bc648eb906491dad93178ae98e2ad9dd65000996fc76df286d5f213,279775.546332,0.9991983794838765
13281577,0xc8a495180df614c2b8da077371f470adc64f931b16e6328a87972465420fce0c,353519.087613,0.9992915169734502
13313405,0x270563ff473cd5cf4eb3f9a0146e91dd5424e98fb9bfa8398bc30e6357920d5a,49993.725535,0.9998743107251378
13318969,0x67f256722664e5f39c1bef50c4bb75c34a8ba9698b88d7f846108e23bb373691,99989.061467,0.9998706172576549
13318976,0xb23e79791bcd1cdf6839aa1e1e9a2bd77d1b6b79fec44b2d8b2153480d12795c,99986.360791,0.9998536093739062
13319052,0xdd5cacd58b25b82bf8cdb463f49216e550cba4ac12762b1f0404d1a567b10702,99984.154331,0.9998365441272793
13319060,0x9ea1f8c5eb7ea33e0cdd67758852f6c693350fc23ec32ad24a145b52b23ffeb6,99982.488008,0.9998198809805952
13319126,0xd70d287e311f4b2b8a50b3f38e5651fc0263b6c09261af4c9a51df4337d73467,99980.830529,0.9998033062734686
13319137,0x4d3826270921d4ad7ad6eb443f72888a88f5d43e7ee592ab84b92d5508849c9b,99979.007381,0.9997850748846256
13319711,0x34bff84d9efaa5520699421ce9abd6368d3452f02d3a7c722c259c29d2e7b507,99979.977477,0.9997697816765496
13319724,0xc30935d624438d404431bc4c656e136fc04657486a5eceab2193569ebb06841d,99978.310483,0.9997531122366329
13319785,0xb779cc7587d9757338527da4efae0524f1b9ec64571e3a0098e716928d43fff0,99978.725208,0.9997372652167392
13319788,0xf66a88bb5183746d0047ab46a6022521b870f30e6c10a0c22b2ddf4c2cce3bba,99966.087666,0.9997208599115948
13319842,0xdc6ca732dccebf1b83a31e31b1389b4f78201d6c708947cab598b6f4304343db,99972.514383,0.9997051497270055
13319849,0xa368163ee7e9c77078868528eb87cdadf1ae9d835922269982c661b955dd8f39,99970.878413,0.9996887903541929
13319888,0xf7a026d27a0fa11f27b8078c0f5e030df19d6995b1ba0ad22c5303cc652f8f11,99969.210084,0.9996721073978521
13319892,0x467b532ab7daab8dfa3be31bb99ad957ec2c8a1f1b2d5fdb3ecf16214ee4eae1,99966.577994,0.9996557833821662
13319926,0x9da190252c4ee815f54eb7473dadea6ec2fd96026e28bb928898f048e2b30b2c,474360.288616,0.9996088976979406
13320510,0x5d9882fade7f5f8eef41605de74a7ae09cdbb5ffe51d86add7edf07081246381,99957.348236,0.9995634867251328
13327174,0xba7eb6c745eea374943f64ebbae1e37efe5d9773a77614b1ea475c994663978e,22772.61167,0.9995129178552711
13327393,0xaa80d8f8b0b7bcacb01c6d7e2a41ed0c598668071f19b2a966c986cf95648a64,99951.25618,0.9995025667743322
13331888,0x81cec7f00af39b7e5cdb0867c42ff8dd3d48f0ef37d80efb42ca6a9a84ba8c76,99966.802461,0.999648031649367
13331914,0x56fd5679e5a555b9b6386abb1a1c68c726c7ffe887510dfe5428e9b5410b9101,99962.992745,0.99962992745
13345323,0xead0305c3f907f3b0614172cabd5d4fd3b333ff759bfd7487346d054e6444b91,1799.440116,0.9996889533333333
13395416,0x9b8b2bd9764061169e4cd8826fcfa538857439335ba206f3b016389012c69793,187182.595483,0.9998910032584949
13411637,0xb5e66671c453640345a8820427374f875502727536c6e4d1462b2aee67d0cb60,249842.353711,0.9997777842119617
13426354,0x849b558e91b6e7efd0d233b5cdbd9d5c33330add4f4000fc66bca0e81b58b7b6,19532.861764,0.999640199677895
13431813,0x835a50278de4644ca5163b88477445a5d7cf4cb31d8adb476093c1047ac47d25,241346.235843,0.9995640647207313
13434224,0xe29765f147a55d798a6f5c329a48c86c5d7ff3938e512496992fbb518999ccc5,567922.913613,0.9994676191670916
13460441,0xc86641e4c047be9d34e5fdc7d76a0a99ba12f56713343edb9c44a5c4cc0e07c8,50731.117938,0.999301453907201
13485863,0xab4ca57d615b197de03027fb0c0a24c5c5fa0ac37fb4adc004a24883d4519e6b,293894.756994,0.9993809657337374
13493239,0x514672dba4b3982e82192ebe128f0599a0079ed61d8a465c9abfd9067bd6aae4,1498947.675183,0.999298450122
13570792,0x33d4d2f93f1fa8d5311277c6ad2e5ddb2afbea5c5bada9a2c801dcc960958602,19983.074524,0.9991537262
13587625,0x4fde2afb8ac9a0dd2b93211912d2938c31c854cb94353682b70d74a4ce61ec73,30597.379954,0.9990981209469387
13629054,0x41666efcb6580c5111e8023bd4345f0c15706a40e0e76e2d137d78d37f35b0b8,117526.558912,0.9992678267363271
13638556,0xcbe4ff43396663003a32f3eae8c38fb731b31990450881f1fecd009536b8c4fe,36975.09652,0.9994449858964812
13667164,0x060156fcc21eb291c91f7cd8ca181f9c1bc15e63db375c00bcc23c7faa9805aa,102774.774516,0.9998020557936299
13669030,0xc4ff36ded4bbc0fbb3b4946fabc6cb5e25d30a1f677431525d97864e5e364617,459507.355211,0.9997781236924717
13679372,0xd084599b53bef0ed9e5ca9473c1f0b472042669e80ebaa207a5c38a82230c6a8,40989.02351,0.9997322807317073
13694133,0xa09b9557bdf1a146186759778d56c88d57bc857815cc4d0816b7d99af3ce0ab7,9052665.827452,0.9992305490540436
13744676,0x5b892c10c7fbb51813fddb80c92ed645dc22e08ad06d89c2f5972e9ba0d4acc8,601258.771614,0.9994271146213385
13745333,0x327a55ab238848c9eda3e76fdc3c19ea22303a5f227f62ec0b54323e55997ec6,33054.41868,0.9993912693692615
13788778,0x0d3ece6e95c2c88f02a60306fa681633ab2263d38a78a4133b1a88742cf7529c,156419.428658,0.9994911204093717
13901313,0x0e700b19e28e4ab9b6306e63c0afb693cf68e33939247e1624cd82a77c96e2b5,25263.182423,0.9996364576412896
13902911,0xe26eb17655624b07fc240375c54a3668dc9f55e30d012f677c4f149910805633,10001.198565,0.9991207357642359
13915147,0x1746336d29c58af040cfacbc44439625ccd3315c2dfa5eac23b7dd9d55135b44,437826.012032,0.9991298111545988
13960003,0x5f7131520aeba8ac3e110d94086637f0e7379ee0ba3df4c27d34c5043e27612e,19952.256735,0.9993617197595792
13972703,0x6f1d60a58683b1a576a3ac91e245e619f4893ede0a41b59f6fcdeecbb347a79f,198175.280936,0.9994543636343143
13975942,0x3cf7b64de2f3a2e35f2309b7193f2db952ebd63f85cf3483c3829b169b9df91e,61706.481793,0.9994141910844642
13996761,0xd3cbfcefb58bae6608505a25af0cb90bf40749dc3ca937332473821e7cbe6bfc,120025.025482,0.999791965697626
14052645,0x05d10cc2328d447a5d4081f86d519a32818d3c64c271ab6ba0b0615c316d0d4b,191997.940549,0.9993498206142282
14072568,0xb53438f231dea98e895ee888b91bf9288e3e211ae322da77b778300e8b12433c,120363.894174,0.9992706969114767
14074201,0x3956c748c016b5fb057eb8520324dad2df6aa446e5448584834e3b9983a84c59,50840.206474,0.999218338371353
14084999,0xc5175413f6bf7103bcff47835732d58c706ca059cbc5c0ac578261989503e5dd,89609.271644,0.9992896820896627
14089577,0x262547e55f0171b93517d2005b4ba304c6fae6e8a92eb7082a5612b7c436c2ee,153904.816678,0.9991171928632807
14096599,0xb478278c89d14bedf5277c55e2941296048c46029c21e0579888410f32ac44c2,50230.846703,0.9991672824458022
14152909,0xe58f1ff9df210e3a7afbd7f903b028e5faa20e110f769b4b816d0fa02241dc5d,200870.624623,0.9992679434810795
14153987,0x773a603d4f8f79233c2a33c2133f16127d7bb99506058d547c764785dca31add,1002147.381351,0.9992172019453291
14160527,0xa15e55a04c15adfff8dac3ee3acc654f2ddcab676464631f66c55349bb893e5f,5830.576979,0.999185475200203
14194170,0xc6b860710d65521ce789d797bda55efcc4a8051018393a362675d1a4af5c019f,400128.010522,0.9992093168813962
14194496,0x65d05cafd635a25a35d76880889aa968f9c51aa043490423514600ebb8d4d5e2,677787.709034,0.9991627974354139
14256472,0x6f39ae8ad2708cd4ee7f75df7d483721fd32c3517edca4506d938ba43eacfb6b,6804.752075,0.9991132634849234
14274708,0x3787d83705ac0cf4b1eaa5946f4cfc64a5b9a10d79c9fffb59b0b56ba29ae22b,51953.028608,0.9990967040000001
14278633,0xd3319d28a28be7f57d1fc0811df13dd66b2d02ea960067ee00b18d260010f48b,101905.991107,0.9990783441862745
14286361,0x56bd961d03921e1cba772245aa74a5f3727d6a564757c5a4d81ec27ecf04a865,7208.210406,0.9991517446526567
14318092,0x45408d1dc85d723791af5addd63cfb191cf1236dd9cd7af42631db934a0f13a8,3138337.080083,0.9991114852374137
14325992,0x9b565aaca83baa97fa3456a97edca859530d9e49c5738f7c58ec3e30cd767471,916.579897,0.9991214518800023
14353906,0xaaa72c608df49196808a76d03914086fdf2fb923cbc50f76ada0dad9c26db68a,2797.044417,0.999179955632399
14399502,0xfa1314f9e41903e24a20c0bd8d34cbb3d88199e5fcb778297131ce78e4fc59b9,105886.987735,0.9991891016668305
14428066,0x804525a74eddce98e272363a70c7237bd7336037a332ac4c1cd75e7c2ac45261,9974.350253,0.9992401451215952
14479721,0x02907d60bcc8c091b7d34aff1349a510247a4ba4c7f674930ba84f5c41feb2ae,69925.569021,0.9990774176422386
14496538,0xc1c667c55b863085187bfc0a8ce5502a28bbfd6105f5eb0627eec5764f900da8,12201.442826,0.99906366205927
14502280,0x76c9c2084895bf88da3864e639e5bc947159ddad7a63f8fd96620d46815f1704,76127.996114,0.9990550671128609
14542301,0xd69dba289181cce51d7b05c0f92d3dd145245392a68688b7782424202fc7c048,166429.670154,0.9991354831755029
14584454,0x8335385b9ca23bddecfb4299c5b90434c546ceb33ce9ad6bdc1376a642dc8fe8,47037.849419,0.9990901957139459
14657923,0x864efc1ca8d1add75ad2c51817b1d6a2f390b335ea60535bd66ead8fa337d74b,648572.150847,0.9988021111064911
14665266,0xafd373530bb29d107f71c28edbc35af390e9877f1d2a64705987aaf805cbeb34,173233.886078,0.9988966435423339
14665398,0xf3f9e21f17e80629351f8f3ee88fc2006996078682e84a29f375e1e6e048afc0,172945.678387,0.9988791619243508
14665516,0xbb70c6d2ef0d0ed1ce23f3f2602ddf8a2a7132894dcbffc666d1a12d8691e709,169726.504188,0.9988620291870675
14685334,0xf441dfede50876a6ba414aff2d3ded16cfa8af0d0a4189ef0bb4dfd9791251da,40111.474374,0.9989644630216278
14699566,0xb08e15b7961c46f8284df307323dd4bb58b95f92103a00872382b541c7542c6b,1598206.698052,0.9988791862825
14720191,0x8d8d909a64acfe09e3b5017873e38399d9b2b6801274822a8d9e22e8f5e73a50,81454.534569,0.998912205485353
14754145,0x4f5197c803320a67545f0a14685c27175326216c5b30a9e39d75e4bbc2f91993,1120.749401,0.9988043694618173
14759887,0x976319166035b93f43203750edbbdb80767b58dd23fe88e7e6c4cd52e97bbb42,750857.005081,1.0007506692077925
14760474,0xea3f49623d4424bbe5d7aa05e1baf9e271cc302f2f97501e8bd9c7f0eb821477,1656787.6916,1.0032120257109325
14760770,0x4c89643169a9abaaf0d0dc06607aa59f6755799d5a934e39a130d6b579701cc2,274520.700431,1.0003285969299023
14760805,0x03163c5cac03e2599cc2f429ae0b3a79fd083105ebaa0230d032b026063e53e7,1024855.530941,1.0008017228192445
14760834,0xdd0ced4bdd8218e39026d459f4b680a7d56c4757ce835b3e7dbcfdbacfefaf4e,517533.962082,1.0007374095254777
14760907,0x2bb4aabd1d5514e71ff808c0b4d1de35f294c6737c90f806edcc4dc4db32ba32,492360.49291,1.0007504825426259
14760928,0x41f8b3256975829ec5620dbafea1640157f780b79e3ac0d57660cf53dc53ef26,1659739.192998,1.0016613457080603
14761426,0x43f1189d293e9d1606744cf8927ffc8f3d6128c71ca0aec25d2ae00e202bb9fb,663586.76222,1.0011259298962798
14761821,0x76523bc6158a32dff28efb01ce6e491777cd8687ef471ea32b09038664a836f1,870362.012176,1.0014836607046274
14762155,0x49679305495dff73e334288e317f94646be98667da9a7c6b049546f917738f4b,605253.908453,1.0012788762489027
14762236,0xd4ed272f454e539c32a7bdd6fee470b269d25747ffee05dd67df13c4e6fa0c1a,534360.827573,1.0012702921302241
14762410,0x9246b12e14b8a8381ba9f4840f4b1f66a76ee577feaf43016d05e02759aa96f9,501031.66109,1.0010728128939779
14762704,0xdddd4c94a7bd26469586b1ac09bf8065c73b8036c2cd0712f89aba0e9986da4a,445351.500503,1.0002380724668427
14774790,0x5a8a229da673af4ea3422ac95e1c8001ab832c72dd797cb121a4ac810e7fa2f7,275235.607261,0.9997915138864946
14775746,0xba92c465b3b97e2be6fd5bb38b58e5352fed365f5a69a25ef3c7ac4e213f7dfc,504055.445914,0.9998423746562216
14788556,0x78a89ad814ef63be090427ce9ea341013a2f9c9a264b0b8407fb0c4564a9d217,120108.92739,1.0000539232478158
14798901,0x856a68a6bb56f4c9ec8ce7a1ffa96e990b54c6dd7cfa7473f63ced59ce023dcd,12228.04892,1.000035113322431
14808062,0x7a7c74654eb8d82d9eb616e9928db0ec90e9f452630622ebf9a4e8b0ff21a18a,9192.71528,0.999586091643442
14814576,0x0624ec0abb198596c505e45aa1a7ce83c3bfacb8d268a29cbdec69e69556945d,3516.174238,0.9997652084162639
14820254,0xdd523ef029235805bc614105e019a5331df2e5ecce6eb64076aa37e61f74d399,40484.194388,0.9996456794703065
14885595,0x16b8e8a239b8b1c077e2a4534bd9745622222c4670e0c2c1ad04e3ef4412e0c9,2036.638696,0.9997474763598992
14939043,0x84a2aa6ac94c39d244dd94ea8f8be58d8be1947396985e8db57d337464f82eea,11997.61508,0.9998012566666666
14958006,0xf642cdbdc1d8bc772c9d6c7c064c73cec190eae0669db9c73ee99548845f4d34,5.046127,0.9995104653192459
14958128,0xe21bf591ce106023aaeaa20e897d17a5facd7103916d8aa876f0cee9ff92f567,199.896207,0.9994810350000001
14958146,0xd4378d777a73c04f35551ccfa47525759a8a8132353bc7c7411696d8419217b0,19819.123717,0.9994803838742077
14980981,0x0e2dc965e96af6f058d9caab5247c1a7c1ffd29e8dabcc13eee5bbd6a17fe5f7,295350.969467,0.999812843881348
14986310,0xc880ccab0ef1df3461f62b1276c9c75f8bf359a169ab401b7a5b3db9ad7635b7,384629.789345,0.999797792401219
14986454,0x0033698b3f52aa6adad7d5c5b80d5122081892c11feed3087a826cc1d7f29cff,562942.402453,0.9997572778801725
15033740,0xefa220399aa2e6c1dfaf2591f95da24650eb601d61de1d26d13930903824588b,7501.09501,1.0001460013333334
15042877,0xa965e21d1bce52498da3dde93731ce06fecb7fb4f3546b069112146216e4405b,44985.293868,0.9996731970666667
15044419,0xf211e92fef234bee66a8608d11733afc5848646d164cd1734a1ecd9617d46be4,5455.556244,0.9996979996043711
15101801,0xade3d75c34d81c1087ae8fa4b6bbc7a312d124d6cb3aac4298695fa796d0bf36,900041.355406,1.0000459504511112
15117518,0xe03de1308f46a9161bd09f7c66708bc4fa0b4f5187ce56c7aee72a3578aa05bd,39999.159573,0.999978989325
15128486,0x585d4196994a1e1b793d8433c74cfe81793e669540a7591f3213a12171870d88,14987.030127,0.9998692458264367
15151757,0x054059087e37e4b30ea5bc560835621ab6f60bbb2817c7f67b3528608a376024,48682.568151,1.0000395508541977
15158810,0x24d07d5b00df2b8e79bc191f3521aa636d0698dfb67d7cec8f29ab0b3b7b361b,1300085.16212,1.000065509323077
15160530,0x19e6b5448fa3994251b67d8173d2ee4f7a9cba692d720b586a5fa853aa2db05d,267228.123275,1.0002373313809965
15160564,0x3f77c4965bb92bb0c1d03bf1fa15446c3fbca55f0e80e32937abc6077d6f5f68,2100212.749319,1.000101309199524
15179410,0xf65b602a1531beb829b77f7bde2fa7288036cd8ee0b37872fffc770a018c4e48,59994.773802,0.9999128967
15190244,0xcb145ac5059f06f4649c861272cf82a1391b32f1d55ba35b90f632d423b3d307,499926.00073,0.9998580075329433
15209015,0x9d2243e1c25e0b2d15457cda1ca7159ffe1811e2f85241d8c7336ecc5da07c94,1563.53552,0.9998938279078976
15216570,0x0147ccc52eb7edd74c20ab466bffb19fb24c2b9dc3b24f9b31063013ba23c05d,1419.466619,1.0000387033359748
15216746,0xc39bcf1ddf36a09b531218bec449ac254bbaa0e0dce4b3b19f9cec194c2ee474,1764.17457,1.0000387844798493
15221166,0xda6db364071b8680e96fafe22d5ada68d1c113bcdd56a16aa430a37a4bc34ecf,22798.180517,1.0000316609726467
15230616,0xbf7ca48ade9a1fae100098d4d05a40dc597a1c53514e9e3d8cf39a22468ea8f6,1550113.742866,1.0000733824941934
15231761,0x395d293e33fd76760fc563653e6869bb12cac058c5f4b3277079b05dde70f1e0,10000.726038,0.9999888909322889
15238993,0xdbb40f062f262aa33caca92d694743e7db776757d1f42593af8e9a8d480f44c8,99951.644671,0.9999986373634843
15240663,0xf58d1829dc7379ef7390d00d21e08866cf69effc5f3381d57f54f6bf3e76aa3b,1999.993101,0.9999965505
15240691,0x61950dea3b468af8e054fa8c64b914c5fdc7bb8c55bd9b8d9d704d3d821c4afa,151502.727385,0.9999895821020256
15242987,0x0faa5ebde42977c3086f60ac83f03c173f801bef39f34cfed70bc869ac3dc837,15999.177778,0.999948611125
15294323,0xd34a1fa313e784000fc6f55b8b6d128f71038d8295aa4c1fffa04627f64d025e,19993.116081,0.99965580405
15307330,0xcd2ffb94fce70d1654c4fa7bad474c8dcf9d219aa028b85273cf6847aa7ebae9,2431.93731,0.9997137542945782
15307717,0xdcf8d0f2ac30bfb70d0d4c714930655acdaeccdd094532c70f8237077a67c807,32.45023,0.9997245269571349
15313464,0x70e07d6f411aaed527d980d4d12f15c73134798d8ddb3fe6e7b32b46e281bcd5,30006.596093,0.9997200097617858
15316721,0x5ae3b9879d567eeae805f0e6dd82df60e9c9aff01d53300f690d845a0a285e7b,143921.927271,0.9996744297009214
15322437,0x4b5ef3e8bdb0355a1f4854bc164098d2089eb2e0742b5fb8dcd55bc5e1907a22,47541.00842,0.9996894222704608
15326945,0x457068f7516c13d7dd95937f3859d37b6669177a74fd6348fb13ffbd719637fa,9997.150485,0.9997013175127816
15329253,0xef57ffe80b41067b9c27e7183046838ad2f543d024ec65d10e74da40fe7ab6eb,53.884987,0.9997094144317173
15344836,0x5a4fbcdb085eb10f693cd1f6b0399a544948141b955864ac43b8f24001c83f70,148.199843,0.9997180722220901
15345145,0xbdde3397707c48356b1f4f8d28ab0f3fee13dd9ec8fc352ad3748409dc68905e,57167.801278,0.9997185583354578
15345270,0xf05f6fcd4c86c637faa10178821473049a6cfbc2b9360835faa6111e2b33b7ad,147976.736081,0.9997120835978859
15346203,0x7a84ce63d3aa44a8a654e96f39c0729d1aed032caf83a9f5426ef3a6a92db7bf,71307.194344,0.9996936540642221
15346243,0x51b94ac63d9d7f9e346c191bc0ae02c282b0113f0980bd91809920c6a13ad94b,66904.172338,0.9996883764358983
15350816,0x07a4f38b24db748eda42051646b591ecd952e65e1ab2ab58416c7444090c367b,9980.18475,0.9996178635817308
15351339,0x1424ba26511207e9a8cbfe17a6e141da7aea4fa86d47205c6be299bda6209af3,9996.220287,0.9996220287
15353545,0x09f1526d2a862aae0524d9f4b395bf376126489e73e189d977dcbfe150c17e7b,50468.602428,0.9996372288404473
15367974,0x64aa4e9521d47ee578d5858672bd28f1bc06fbc514d6aea63ba919f85e5600dc,499.862092,0.9997241840000001
15371102,0xacc79d92aee727b1fac911b57e07d050023f80d1e186552ed46de53c76b59dd5,766997.234699,1.0002641390495761
15371205,0xba6b2778f98b2cfcb47668f70f910234a3a7b154392ed4070a1117a5c4cf37ea,899957.213733,0.9999576295849342
15380370,0x075475aee16e1fa3238d2d9c22a4e10c42ba895db65b7cc6d70d760659839adf,100161.690263,0.9999270259561341
15396458,0x1e02420d7563cace3304f5e6164a5dfee1956b4191bac70d0e761e4f9420742b,4126.396853,0.9999736879519354
15414619,0xdf96e2e8135f239931d9dd3a6032c2e2430080955d233349442ba9ca69c4e4a6,499.998697,0.9999174006079513
15415882,0x4ad1c992ec1e7b38808ed45d5dae3e7e61ecf41f7ff68160ef1e86d818d92410,100000.32663,0.9999232724382049
15422000,0xd89a64726b87c9aab6f1b24b4f0fde02e1bee0f09d2622afd5ceff250b1c678f,43059.022265,0.9999224590729863
15427449,0xd09ec4c35359cf73d418905040d24f59fe3cd68b42c296a3f919c27d590c6d23,930331.586994,0.999888726727792
15482803,0xbd10db57e4e0b660b7ca14680a8713952c7b38aaac42eb9e18d719579fa6b530,2370.818861,0.9996832240249979
15482853,0x0418a17ac409bc91c821030a1f21e5932546724959cad2521fb32a879ca53944,36965.241769,0.9996819365655982
15487386,0xcbdc6a3af63d6b57d8d947490b8aec5d594aa2ce78f2edfc694fe6f3719f911e,9813.367124,0.9996676762145867
